topic,new_id,original_id,subtopic,script,prompt
counting,1,13,exact_counting,data/evaluate_script/counting/counting_common.py,An image containing exactly 17 oranges.
counting,2,14,exact_counting,data/evaluate_script/counting/counting_common.py,An image containing exactly 18 oranges.
counting,3,15,exact_counting,data/evaluate_script/counting/counting_common.py,An image containing exactly 19 oranges.
counting,4,16,exact_counting,data/evaluate_script/counting/counting_common.py,An image containing exactly 20 oranges.
counting,5,17,exact_counting,data/evaluate_script/counting/counting_common.py,An image containing exactly 21 oranges.
counting,6,18,exact_counting,data/evaluate_script/counting/counting_common.py,An image containing exactly 22 oranges.
counting,7,19,exact_counting,data/evaluate_script/counting/counting_common.py,An image containing exactly 23 broccoli.
counting,8,20,exact_counting,data/evaluate_script/counting/counting_common.py,An image containing exactly 24 broccoli.
counting,9,21,exact_counting,data/evaluate_script/counting/counting_common.py,An image containing exactly 25 broccoli.
counting,10,22,exact_counting,data/evaluate_script/counting/counting_common.py,An image containing exactly 6 broccoli.
counting,11,23,exact_counting,data/evaluate_script/counting/counting_common.py,An image containing exactly 5 broccoli.
counting,12,24,exact_counting,data/evaluate_script/counting/counting_common.py,An image containing exactly 8 carrots.
counting,13,25,exact_counting,data/evaluate_script/counting/counting_common.py,An image containing exactly 7 carrots.
counting,14,26,exact_counting,data/evaluate_script/counting/counting_common.py,An image containing exactly 10 carrots.
counting,15,27,exact_counting,data/evaluate_script/counting/counting_common.py,An image containing exactly 9 carrots.
counting,16,28,exact_counting,data/evaluate_script/counting/counting_common.py,An image containing exactly 12 carrots.
counting,17,29,exact_counting,data/evaluate_script/counting/counting_common.py,An image containing exactly 11 carrots.
counting,18,30,exact_counting,data/evaluate_script/counting/counting_common.py,An image containing exactly 14 carrots.
counting,19,38,exact_counting,data/evaluate_script/counting/counting_common.py,An image containing exactly 20 oranges.
counting,20,39,exact_counting,data/evaluate_script/counting/counting_common.py,An image containing exactly 22 broccoli.
counting,21,40,exact_counting,data/evaluate_script/counting/counting_common.py,An image containing exactly 24 carrots.
counting,22,43,exact_counting,data/evaluate_script/counting/counting_common.py,An image containing exactly 30 oranges.
counting,23,44,exact_counting,data/evaluate_script/counting/counting_common.py,An image containing exactly 7 broccoli.
counting,24,45,exact_counting,data/evaluate_script/counting/counting_common.py,An image containing exactly 9 carrots.
counting,25,48,exact_counting,data/evaluate_script/counting/counting_common.py,A pile of broccoli on a table. There are exactly 18 broccoli in the pile.
counting,26,1,attribute_based_counting,data/evaluate_script/counting/counting_common.py,An image containing exactly 5 red apples.
counting,27,2,attribute_based_counting,data/evaluate_script/counting/counting_common.py,An image containing exactly 6 red apples.
counting,28,3,attribute_based_counting,data/evaluate_script/counting/counting_common.py,An image containing exactly 7 red apples.
counting,29,4,attribute_based_counting,data/evaluate_script/counting/counting_common.py,An image containing exactly 8 red apples.
counting,30,5,attribute_based_counting,data/evaluate_script/counting/counting_common.py,An image containing exactly 9 red apples.
counting,31,6,attribute_based_counting,data/evaluate_script/counting/counting_common.py,An image containing exactly 10 red apples.
counting,32,7,attribute_based_counting,data/evaluate_script/counting/counting_common.py,An image containing exactly 11 green apples.
counting,33,8,attribute_based_counting,data/evaluate_script/counting/counting_common.py,An image containing exactly 12 green apples.
counting,34,9,attribute_based_counting,data/evaluate_script/counting/counting_common.py,An image containing exactly 13 green apples.
counting,35,10,attribute_based_counting,data/evaluate_script/counting/counting_common.py,An image containing exactly 14 green apples.
counting,36,11,attribute_based_counting,data/evaluate_script/counting/counting_common.py,An image containing exactly 15 green apples.
counting,37,12,attribute_based_counting,data/evaluate_script/counting/counting_common.py,An image containing exactly 16 green apples.
counting,38,31,attribute_based_counting,data/evaluate_script/counting/counting_common.py,"A realistic orchard scene with three apple trees at different depths. Count only the fully visible red apples hanging on branches of the center tree: there must be exactly 17. Other trees may contain apples of non-red colors only. No baskets, no fallen fruit."
counting,39,32,attribute_based_counting,data/evaluate_script/counting/counting_common.py,"A realistic top-down photo of a wooden table containing many objects: red apples, red tomatoes, and red balls. Include exactly 19 red apples and at least 10 non-apple red objects to create distractors. Apples must remain clearly identifiable by stems and natural texture."
counting,40,33,attribute_based_counting,data/evaluate_script/counting/counting_common.py,A realistic market stall scene with apples under mixed warm-cool lighting and partial occlusions by leaves and price tags. Ensure exactly 21 red apples are visible (partially visible counts if clearly identifiable as apples). Avoid any mirrored reflections that duplicate apples.
counting,41,34,attribute_based_counting,data/evaluate_script/counting/counting_common.py,"A realistic apple tree in light rain with water droplets and dense foliage. Exactly 23 red apples should be present, with varied sizes due to perspective, but each apple boundary should remain separable for counting. No additional red fruits."
counting,42,35,attribute_based_counting,data/evaluate_script/counting/counting_common.py,"A realistic harvest scene with one large apple tree and complex branch overlap. Place exactly 25 red apples across near, mid, and far branches. Introduce mild motion blur on leaves only, while apples stay sharp enough to count unambiguously."
counting,43,36,attribute_based_counting,data/evaluate_script/counting/counting_common.py,An image containing exactly 16 red apples.
counting,44,37,attribute_based_counting,data/evaluate_script/counting/counting_common.py,An image containing exactly 18 green apples.
counting,45,41,attribute_based_counting,data/evaluate_script/counting/counting_common.py,An image containing exactly 26 red apples.
counting,46,42,attribute_based_counting,data/evaluate_script/counting/counting_common.py,An image containing exactly 28 green apples.
counting,47,46,attribute_based_counting,data/evaluate_script/counting/counting_common.py,A basket containing red apples and green apples. There are exactly 13 red apples.
counting,48,47,attribute_based_counting,data/evaluate_script/counting/counting_common.py,A market stand with oranges stacked in a display. Exactly 15 oranges are visible.
counting,49,50,attribute_based_counting,data/evaluate_script/counting/counting_common.py,A fruit display with oranges arranged in rows. Exactly 24 oranges are present.
counting,50,51,attribute_based_counting,data/evaluate_script/counting/counting_common.py,An image with red apples and green apples. There are exactly 6 red apples and 9 green apples. Count only the red ones.
angle,1,1,angle_measurement,data/evaluate_script/angle/angle_evaluator.py,Draw one acute angle of 25°.
angle,2,2,angle_measurement,data/evaluate_script/angle/angle_evaluator.py,Draw one acute angle of 35°.
angle,3,3,angle_measurement,data/evaluate_script/angle/angle_evaluator.py,Draw one acute angle of 40°.
angle,4,4,angle_measurement,data/evaluate_script/angle/angle_evaluator.py,Draw one acute angle of 45°.
angle,5,5,angle_measurement,data/evaluate_script/angle/angle_evaluator.py,Draw one acute angle of 50°.
angle,6,6,angle_measurement,data/evaluate_script/angle/angle_evaluator.py,Draw one acute angle of 60°.
angle,7,7,angle_measurement,data/evaluate_script/angle/angle_evaluator.py,Draw one acute angle of 65°.
angle,8,8,angle_measurement,data/evaluate_script/angle/angle_evaluator.py,Draw one acute angle of 70°.
angle,9,9,angle_measurement,data/evaluate_script/angle/angle_evaluator.py,Draw one acute angle of 75°.
angle,10,10,angle_measurement,data/evaluate_script/angle/angle_evaluator.py,Draw one acute angle of 80°.
angle,11,11,angle_measurement,data/evaluate_script/angle/angle_evaluator.py,Draw one right angle (90°). Mark it with the standard square symbol.
angle,12,12,angle_measurement,data/evaluate_script/angle/angle_evaluator.py,Draw one obtuse angle of 100°.
angle,13,13,angle_measurement,data/evaluate_script/angle/angle_evaluator.py,Draw one obtuse angle of 110°.
angle,14,14,angle_measurement,data/evaluate_script/angle/angle_evaluator.py,Draw one obtuse angle of 120°.
angle,15,15,angle_measurement,data/evaluate_script/angle/angle_evaluator.py,Draw one obtuse angle of 135°.
angle,16,16,angle_measurement,data/evaluate_script/angle/angle_evaluator.py,Draw one obtuse angle of 150°.
angle,17,17,angle_measurement,data/evaluate_script/angle/angle_evaluator.py,Draw one straight angle (180°). Show it as a straight horizontal line with a semicircular arc above it.
angle,18,21,angle_relations,data/evaluate_script/angle/angle_evaluator.py,Draw two adjacent angles of 30° and 60°. The two outer rays are perpendicular.
angle,19,22,angle_relations,data/evaluate_script/angle/angle_evaluator.py,Draw two adjacent angles of 45° and 45°. The two outer rays form a right angle.
angle,20,23,angle_relations,data/evaluate_script/angle/angle_evaluator.py,Draw two adjacent angles of 20° and 70°. The two outer rays form a right angle.
angle,21,24,angle_relations,data/evaluate_script/angle/angle_evaluator.py,Draw two adjacent angles of 55° and 35°.
angle,22,25,angle_relations,data/evaluate_script/angle/angle_evaluator.py,Draw two adjacent angles of 72° and 18°.
angle,23,26,angle_relations,data/evaluate_script/angle/angle_evaluator.py,Draw two adjacent angles of 15° and 75°.
angle,24,27,angle_relations,data/evaluate_script/angle/angle_evaluator.py,Draw two adjacent angles of 40° and 50°.
angle,25,28,angle_relations,data/evaluate_script/angle/angle_evaluator.py,Draw two adjacent angles of 33° and 57°.
angle,26,29,angle_relations,data/evaluate_script/angle/angle_evaluator.py,Draw two adjacent angles of 25° and 65°.
angle,27,30,angle_relations,data/evaluate_script/angle/angle_evaluator.py,Draw two adjacent angles of 48° and 42°.
angle,28,31,angle_relations,data/evaluate_script/angle/angle_evaluator.py,Draw two adjacent angles on a straight line: the first is 70° and the second is 110°.
angle,29,32,angle_relations,data/evaluate_script/angle/angle_evaluator.py,Draw two adjacent angles on a straight line: the first is 45° and the second is 135°.
angle,30,33,angle_relations,data/evaluate_script/angle/angle_evaluator.py,Draw two adjacent angles on a straight line: the first is 60° and the second is 120°.
angle,31,34,angle_relations,data/evaluate_script/angle/angle_evaluator.py,Draw two adjacent angles on a straight line: the first is 30° and the second is 150°.
angle,32,35,angle_relations,data/evaluate_script/angle/angle_evaluator.py,Draw two adjacent angles on a straight line: the first is 80° and the second is 100°.
angle,33,36,angle_relations,data/evaluate_script/angle/angle_evaluator.py,Draw two adjacent angles on a straight line of 90° and 90°. The middle ray is perpendicular to the line.
angle,34,37,angle_relations,data/evaluate_script/angle/angle_evaluator.py,Draw two adjacent angles on a straight line: the first is 55° and the second is 125°.
angle,35,61,angle_construction,data/evaluate_script/angle/angle_evaluator.py,"Draw four rays from one vertex. The four consecutive angles are 90°, 90°, 90°, and 90°. Mark each right angle with the square symbol."
angle,36,62,angle_construction,data/evaluate_script/angle/angle_evaluator.py,"Draw four rays from one vertex. The four consecutive angles are 30°, 60°, 90°, and 180°."
angle,37,63,angle_construction,data/evaluate_script/angle/angle_evaluator.py,"Draw four rays from one vertex. The four consecutive angles are 45°, 45°, 135°, and 135°."
angle,38,64,angle_construction,data/evaluate_script/angle/angle_evaluator.py,"Draw four rays from one vertex. The four consecutive angles are 50°, 70°, 100°, and 140°."
angle,39,65,angle_construction,data/evaluate_script/angle/angle_evaluator.py,"Draw four rays from one vertex. The four consecutive angles are 80°, 100°, 80°, and 100°."
angle,40,66,angle_construction,data/evaluate_script/angle/angle_evaluator.py,"Draw four rays from one vertex. The four consecutive angles are 60°, 90°, 120°, and 90°."
angle,41,67,angle_construction,data/evaluate_script/angle/angle_evaluator.py,"Draw four rays from one vertex. The four consecutive angles are 40°, 50°, 110°, and 160°."
angle,42,68,angle_construction,data/evaluate_script/angle/angle_evaluator.py,"Draw four rays from one vertex. The four consecutive angles are 75°, 75°, 105°, and 105°."
angle,43,69,angle_construction,data/evaluate_script/angle/angle_evaluator.py,"Draw four rays from one vertex. The four consecutive angles are 30°, 60°, 120°, and 150°."
angle,44,70,angle_construction,data/evaluate_script/angle/angle_evaluator.py,"Draw four rays from one vertex. The four consecutive angles are 55°, 65°, 115°, and 125°."
angle,45,71,angle_construction,data/evaluate_script/angle/angle_evaluator.py,"Draw four rays from one vertex. The four consecutive angles alternate between 45° and 135°: 45°, 135°, 45°, 135°."
angle,46,72,angle_construction,data/evaluate_script/angle/angle_evaluator.py,"Draw four rays from one vertex. The four consecutive angles are 70°, 50°, 70°, and 170°."
angle,47,73,angle_construction,data/evaluate_script/angle/angle_evaluator.py,"Draw four rays from one vertex. The four consecutive angles are 36°, 72°, 108°, and 144°."
angle,48,74,angle_construction,data/evaluate_script/angle/angle_evaluator.py,"Draw four rays from one vertex. The four consecutive angles are 20°, 40°, 60°, and 240°."
angle,49,75,angle_construction,data/evaluate_script/angle/angle_evaluator.py,"Draw four rays from one vertex. The four consecutive angles are 90°, 60°, 90°, and 120°."
angle,50,76,angle_construction,data/evaluate_script/angle/angle_evaluator.py,"Draw four rays from one vertex. The four consecutive angles are 60°, 80°, 100°, and 120°."
fraction,1,1,proportion_mapping,data/evaluate_script/fraction/fraction_1.py,A horizontal progress bar where the filled green portion is exactly 50% of the total length.
fraction,2,2,proportion_mapping,data/evaluate_script/fraction/fraction_2.py,A horizontal progress bar where the filled blue portion is exactly 25% of the total length.
fraction,3,3,proportion_mapping,data/evaluate_script/fraction/fraction_3.py,A horizontal progress bar where the filled red portion is exactly 75% of the total length.
fraction,4,9,proportion_mapping,data/evaluate_script/fraction/fraction_4.py,"A rectangular bar: the left 63% is solid black, the right 37% is solid white."
fraction,5,10,proportion_mapping,data/evaluate_script/fraction/fraction_5.py,"A rectangular bar: the left 40% is solid black, the right 60% is solid white."
fraction,6,11,proportion_mapping,data/evaluate_script/fraction/fraction_6.py,"A rectangular bar: the left 85% is solid black, the right 15% is solid white."
fraction,7,17,proportion_mapping,data/evaluate_script/fraction/fraction_7.py,A laboratory beaker filled with blue liquid to exactly 1/3 of its height.
fraction,8,18,proportion_mapping,data/evaluate_script/fraction/fraction_8.py,A laboratory beaker filled with blue liquid to exactly 1/2 of its height.
fraction,9,19,proportion_mapping,data/evaluate_script/fraction/fraction_9.py,A laboratory beaker filled with blue liquid to exactly 3/4 of its height.
fraction,10,26,proportion_mapping,data/evaluate_script/fraction/fraction_10.py,A pie chart with two sectors. The smaller red sector is exactly 1/7 of the circle.
fraction,11,27,proportion_mapping,data/evaluate_script/fraction/fraction_11.py,A pie chart with two sectors. The smaller blue sector is exactly 1/5 of the circle.
fraction,12,28,proportion_mapping,data/evaluate_script/fraction/fraction_12.py,A pie chart with two sectors. The smaller yellow sector is exactly 2/9 of the circle.
fraction,13,65,proportion_mapping,data/evaluate_script/fraction/fraction_13.py,A 3x3 square grid where exactly 4 squares are colored green and 5 are white.
fraction,14,66,proportion_mapping,data/evaluate_script/fraction/fraction_14.py,A 3x3 square grid where exactly 2 squares are colored red and 7 are white.
fraction,15,69,proportion_mapping,data/evaluate_script/fraction/fraction_15.py,A 3x3 square grid where exactly 5 squares are colored blue and 4 are yellow.
fraction,16,73,proportion_mapping,data/evaluate_script/fraction/fraction_16.py,A 10x10 square grid where exactly 27 squares are colored blue.
fraction,17,74,proportion_mapping,data/evaluate_script/fraction/fraction_17.py,A 10x10 square grid where exactly 12 squares are colored green.
fraction,18,75,proportion_mapping,data/evaluate_script/fraction/fraction_18.py,A 10x10 square grid where exactly 58 squares are colored red.
fraction,19,34,proportion_mapping,data/evaluate_script/fraction/fraction_19.py,A single solid black rectangle with an aspect ratio of 3:1 (width is three times the height).
fraction,20,35,proportion_mapping,data/evaluate_script/fraction/fraction_20.py,A single solid black rectangle with an aspect ratio of 2:1 (width is twice the height).
fraction,21,36,proportion_mapping,data/evaluate_script/fraction/fraction_21.py,A single solid black rectangle with an aspect ratio of 5:2 (width is 2.5 times the height).
fraction,22,42,proportion_mapping,data/evaluate_script/fraction/fraction_22.py,Two squares side-by-side: the red square's area is exactly twice the area of the blue square.
fraction,23,43,proportion_mapping,data/evaluate_script/fraction/fraction_23.py,Two squares side-by-side: the green square's area is exactly three times the area of the purple square.
fraction,24,44,proportion_mapping,data/evaluate_script/fraction/fraction_24.py,Two squares side-by-side: the black square's area is exactly four times the area of the yellow square.
fraction,25,50,proportion_mapping,data/evaluate_script/fraction/fraction_25.py,A donut chart where the thickness of the ring is 20% of the total diameter.
fraction,26,58,fraction_grids,data/evaluate_script/fraction/fraction_26.py,Two identical horizontal bars stacked vertically. Top bar has exactly 11/16 filled in green; bottom bar has exactly 13/20 filled in orange. Segment both bars into equal subdivisions that match each denominator exactly.
fraction,27,59,fraction_grids,data/evaluate_script/fraction/fraction_27.py,"A circular pie chart divided into 24 equal slices, with exactly 17 slices filled in red and the rest white. Keep slice boundaries crisp and equal-width from center to rim."
fraction,28,60,fraction_grids,data/evaluate_script/fraction/fraction_28.py,"A circular pie chart divided into 4 equal slices, with exactly 1 slice filled in red and the rest grey."
fraction,29,61,fraction_grids,data/evaluate_script/fraction/fraction_29.py,"A circular pie chart divided into 8 equal slices, with exactly 3 slices filled in blue and the rest yellow."
fraction,30,62,fraction_grids,data/evaluate_script/fraction/fraction_30.py,"A circular pie chart divided into 6 equal slices, with exactly 5 slices filled in green and the rest pink."
fraction,31,63,fraction_grids,data/evaluate_script/fraction/fraction_31.py,"A circular pie chart divided into 5 equal slices, with exactly 2 slices filled in yellow and the rest light blue."
fraction,32,64,fraction_grids,data/evaluate_script/fraction/fraction_32.py,"A circular pie chart divided into 10 equal slices, with exactly 7 slices filled in purple and the rest grey."
fraction,33,65,fraction_grids,data/evaluate_script/fraction/fraction_33.py,A 3x3 square grid where exactly 4 squares are colored green and 5 are white.
fraction,34,66,fraction_grids,data/evaluate_script/fraction/fraction_34.py,A 3x3 square grid where exactly 2 squares are colored red and 7 are white.
fraction,35,67,fraction_grids,data/evaluate_script/fraction/fraction_35.py,A 3x3 square grid where exactly 6 squares are colored blue and 3 are white.
fraction,36,68,fraction_grids,data/evaluate_script/fraction/fraction_36.py,A 3x3 square grid where exactly 1 square is colored red and 8 are grey.
fraction,37,69,fraction_grids,data/evaluate_script/fraction/fraction_37.py,A 3x3 square grid where exactly 5 squares are colored blue and 4 are yellow.
fraction,38,70,fraction_grids,data/evaluate_script/fraction/fraction_38.py,A 3x3 square grid where exactly 8 squares are colored green and 1 is pink.
fraction,39,71,fraction_grids,data/evaluate_script/fraction/fraction_39.py,A 3x3 square grid where exactly 3 squares are colored yellow and 6 are light blue.
fraction,40,72,fraction_grids,data/evaluate_script/fraction/fraction_40.py,A 3x3 square grid where exactly 7 squares are colored black and 2 are grey.
fraction,41,73,fraction_grids,data/evaluate_script/fraction/fraction_41.py,A 10x10 square grid where exactly 27 squares are colored blue.
fraction,42,74,fraction_grids,data/evaluate_script/fraction/fraction_42.py,A 10x10 square grid where exactly 12 squares are colored green.
fraction,43,75,fraction_grids,data/evaluate_script/fraction/fraction_43.py,A 10x10 square grid where exactly 58 squares are colored red.
fraction,44,76,fraction_grids,data/evaluate_script/fraction/fraction_44.py,A 10x10 square grid where exactly 50 squares are colored blue and the rest are grey.
fraction,45,77,fraction_grids,data/evaluate_script/fraction/fraction_45.py,A 10x10 square grid where exactly 10 squares are colored red and the rest are yellow.
fraction,46,78,fraction_grids,data/evaluate_script/fraction/fraction_46.py,A 10x10 square grid where exactly 90 squares are colored green and the rest are pink.
fraction,47,79,fraction_grids,data/evaluate_script/fraction/fraction_47.py,A 10x10 square grid where exactly 5 squares are colored yellow and the rest are light blue.
fraction,48,80,fraction_grids,data/evaluate_script/fraction/fraction_48.py,A 10x10 square grid where exactly 99 squares are colored black and the rest are grey.
fraction,49,81,fraction_grids,data/evaluate_script/fraction/fraction_49.py,"A rectangular grid of 9 columns by 7 rows (63 equal cells). Color exactly 40 cells blue and 23 cells light gray, with no merged cells and perfectly equal cell size."
fraction,50,82,fraction_grids,data/evaluate_script/fraction/fraction_50.py,A 2x2 square grid where exactly 1 square is colored red and 3 are grey.
function,1,7,continuous_functions,data/evaluate_script/function/function_1.py,"Plot the function y = -3 over the interval x \in [-6, 6]. **Style Requirements**: The function curve must be a **Blue line**. Any vertical asymptotes must be **Red lines**. The axes, labels, and numbers must be **Black**. The x-axis tick marks must be strictly **even numbers** (e.g., -6, -4, -2, 0, 2, 4, 6)."
function,2,29,continuous_functions,data/evaluate_script/function/function_2.py,"Plot the function y = 2 over the interval x \in [-6, 6]. **Style Requirements**: The function curve must be a **Blue line**. Any vertical asymptotes must be **Red lines**. The axes, labels, and numbers must be **Black**. The x-axis tick marks must be strictly **even numbers** (e.g., -6, -4, -2, 0, 2, 4, 6)."
function,3,6,continuous_functions,data/evaluate_script/function/function_3.py,"Plot the function y = x over the interval x \in [-6, 6]. **Style Requirements**: The function curve must be a **Blue line**. Any vertical asymptotes must be **Red lines**. The axes, labels, and numbers must be **Black**. The x-axis tick marks must be strictly **even numbers** (e.g., -6, -4, -2, 0, 2, 4, 6)."
function,4,9,continuous_functions,data/evaluate_script/function/function_4.py,"Plot the function y = -x over the interval x \in [-6, 6]. **Style Requirements**: The function curve must be a **Blue line**. Any vertical asymptotes must be **Red lines**. The axes, labels, and numbers must be **Black**. The x-axis tick marks must be strictly **even numbers** (e.g., -6, -4, -2, 0, 2, 4, 6)."
function,5,8,continuous_functions,data/evaluate_script/function/function_5.py,"Plot the line x = 4 over the y-range [-6, 6]. **Style Requirements**: The line must be a **Blue line**. Any vertical asymptotes must be **Red lines**. The axes, labels, and numbers must be **Black**. The x-axis tick marks must be strictly **even numbers** (e.g., -6, -4, -2, 0, 2, 4, 6)."
function,6,10,continuous_functions,data/evaluate_script/function/function_6.py,"Plot the function y = x + 2 over the interval x \in [-6, 6]. **Style Requirements**: The function curve must be a **Blue line**. Any vertical asymptotes must be **Red lines**. The axes, labels, and numbers must be **Black**. The x-axis tick marks must be strictly **even numbers** (e.g., -6, -4, -2, 0, 2, 4, 6)."
function,7,26,continuous_functions,data/evaluate_script/function/function_7.py,"Plot the function y = 3x + 1 over the interval x \in [-4, 4]. **Style Requirements**: The function curve must be a **Blue line**. Any vertical asymptotes must be **Red lines**. The axes, labels, and numbers must be **Black**. The x-axis tick marks must be strictly **even numbers** (e.g., -4, -2, 0, 2, 4)."
function,8,20,continuous_functions,data/evaluate_script/function/function_8.py,"Plot the function y = 2x - 3 over the interval x \in [-4, 4]. **Style Requirements**: The function curve must be a **Blue line**. Any vertical asymptotes must be **Red lines**. The axes, labels, and numbers must be **Black**. The x-axis tick marks must be strictly **even numbers** (e.g., -4, -2, 0, 2, 4)."
function,9,12,continuous_functions,data/evaluate_script/function/function_9.py,"Plot the function y = |x| over the interval x \in [-6, 6]. **Style Requirements**: The function curve must be a **Blue line**. Any vertical asymptotes must be **Red lines**. The axes, labels, and numbers must be **Black**. The x-axis tick marks must be strictly **even numbers** (e.g., -6, -4, -2, 0, 2, 4, 6)."
function,10,28,continuous_functions,data/evaluate_script/function/function_10.py,"Plot the function y = |x - 3| over the interval x \in [-2, 8]. **Style Requirements**: The function curve must be a **Blue line**. Any vertical asymptotes must be **Red lines**. The axes, labels, and numbers must be **Black**. The x-axis tick marks must be strictly **even numbers** (e.g., -2, 0, 2, 4, 6, 8)."
function,11,11,continuous_functions,data/evaluate_script/function/function_11.py,"Plot the function y = x^2 over the interval x \in [-4, 4]. **Style Requirements**: The function curve must be a **Blue line**. Any vertical asymptotes must be **Red lines**. The axes, labels, and numbers must be **Black**. The x-axis tick marks must be strictly **even numbers** (e.g., -4, -2, 0, 2, 4)."
function,12,27,continuous_functions,data/evaluate_script/function/function_12.py,"Plot the function y = -x^2 over the interval x \in [-4, 4]. **Style Requirements**: The function curve must be a **Blue line**. Any vertical asymptotes must be **Red lines**. The axes, labels, and numbers must be **Black**. The x-axis tick marks must be strictly **even numbers** (e.g., -4, -2, 0, 2, 4)."
function,13,13,continuous_functions,data/evaluate_script/function/function_13.py,"Plot the function y = 4 - x^2 over the interval x \in [-4, 4]. **Style Requirements**: The function curve must be a **Blue line**. Any vertical asymptotes must be **Red lines**. The axes, labels, and numbers must be **Black**. The x-axis tick marks must be strictly **even numbers** (e.g., -4, -2, 0, 2, 4)."
function,14,30,continuous_functions,data/evaluate_script/function/function_14.py,"Plot the function y = x^2 - 2 over the interval x \in [-4, 4]. **Style Requirements**: The function curve must be a **Blue line**. Any vertical asymptotes must be **Red lines**. The axes, labels, and numbers must be **Black**. The x-axis tick marks must be strictly **even numbers** (e.g., -4, -2, 0, 2, 4)."
function,15,19,continuous_functions,data/evaluate_script/function/function_15.py,"Plot the function y = (x - 2)^2 - 3 over the interval x \in [-2, 6]. **Style Requirements**: The function curve must be a **Blue line**. Any vertical asymptotes must be **Red lines**. The axes, labels, and numbers must be **Black**. The x-axis tick marks must be strictly **even numbers** (e.g., -2, 0, 2, 4, 6)."
function,16,14,continuous_functions,data/evaluate_script/function/function_16.py,"Plot the function y = \sin(x) over the interval x \in [-2\pi, 2\pi]. **Style Requirements**: The function curve must be a **Blue line**. Any vertical asymptotes must be **Red lines**. The axes, labels, and numbers must be **Black**. The x-axis tick marks should be evenly spaced even numbers (e.g., -6, -4, -2, 0, 2, 4, 6)."
function,17,15,continuous_functions,data/evaluate_script/function/function_17.py,"Plot the function y = \ln(x - 1) over the interval x \in [0, 8]. Clearly display the vertical asymptote at x = 1 as a **Red dashed line**. **Style Requirements**: The function curve must be a **Blue line**. Any vertical asymptotes must be **Red lines**. The axes, labels, and numbers must be **Black**. The x-axis tick marks must be strictly **even numbers** (e.g., 0, 2, 4, 6, 8)."
function,18,25,piecewise_functions,data/evaluate_script/function/function_18.py,"Plot the piecewise function h(x) over the interval x \in [-4, 4]: Segment 1 (-4 <= x < -1): y = -2; Segment 2 (-1 <= x < 2): y = x - 1; Segment 3 (2 <= x <= 4): y = 3. Use filled dots for included endpoints and hollow dots for excluded endpoints. **Style Requirements**: The function curve must be a **Blue line**. Any vertical asymptotes must be **Red lines**. The axes, labels, and numbers must be **Black**. The x-axis tick marks must be strictly **even numbers** (e.g., -6, -4, -2, 0, 2, 4, 6)."
function,19,5,piecewise_functions,data/evaluate_script/function/function_19.py,"Plot the piecewise-defined function g(x), which consists of four segments, over the interval x \in [-2\pi, 2\pi]: Segment 1 (-2\pi \le x < -\pi): y = \sin(x) (sine wave). Segment 2 (-\pi \le x < 0): y = \tfrac{1}{2}(x + \pi) (linearly increasing). Segment 3 (0 \le x < \pi): y = \sqrt{\pi^2 - x^2} (a quarter circle, upward bulge). Segment 4 (x \ge \pi): y = \ln(x - \pi + 1) (logarithmic growth). **Style Requirements**: The function curve must be a **Blue line**. Any vertical asymptotes must be **Red lines**. The axes, labels, and numbers must be **Black**. The x-axis tick marks must be strictly **even numbers** (e.g., -6, -4, -2, 0, 2, 4, 6)."
function,20,31,piecewise_functions,data/evaluate_script/function/function_20.py,"Plot the piecewise function y = { (x^2-1)/(x-1), x<1 ; 2\ln(x)+1, 1\le x<4 ; \sqrt{9-(x-4)^2}-1, 4\le x\le 7 } over x \in [-4, 8]. Mark the removable discontinuity at x=1 from the left branch with an open circle and show continuity behavior at each junction. **Style Requirements**: The function curve must be a **Blue line**. Any vertical asymptotes must be **Red lines**. The axes, labels, and numbers must be **Black**. The x-axis tick marks must be strictly **even numbers**."
function,21,59,piecewise_functions,data/evaluate_script/function/function_21.py,"Plot the piecewise function over the interval x \in [-4, 4]: y = -x for x < 0, and y = x^2 for x >= 0. Use a filled dot at (0, 0) for the included right branch endpoint. **Style Requirements**: The function curve must be a **Blue line**. Any vertical asymptotes must be **Red lines**. The axes, labels, and numbers must be **Black**. The x-axis tick marks must be strictly **even numbers** (e.g., -4, -2, 0, 2, 4)."
function,22,66,piecewise_functions,data/evaluate_script/function/function_22.py,"Plot the piecewise function over the interval x \in [-4, 6]: y = x^2 for x < -1, y = 2x + 3 for -1 <= x < 2, and y = -x + 7 for x >= 2. Use filled dots for included endpoints and hollow dots for excluded endpoints. **Style Requirements**: The function curve must be a **Blue line**. Any vertical asymptotes must be **Red lines**. The axes, labels, and numbers must be **Black**. The x-axis tick marks must be strictly **even numbers** (e.g., -4, -2, 0, 2, 4, 6)."
function,23,88,piecewise_functions,data/evaluate_script/function/function_23.py,"Plot the piecewise function over the interval x \in [-4, 6]: y = x + 2 for x < 0, y = 2 for 0 <= x <= 2, and y = -x + 4 for x > 2. Use filled dots for included endpoints and hollow dots for excluded endpoints. **Style Requirements**: The function curve must be a **Blue line**. Any vertical asymptotes must be **Red lines**. The axes, labels, and numbers must be **Black**. The x-axis tick marks must be strictly **even numbers** (e.g., -4, -2, 0, 2, 4, 6)."
function,24,95,piecewise_functions,data/evaluate_script/function/function_24.py,"Plot the piecewise function over x \in [-6, 6]: y = x^2 + 2 for x < -2, y = -x + 1 for -2 <= x < 1, y = 3 for 1 <= x < 3, and y = (x-3)^3 + 3 for x >= 3. Use filled dots for included endpoints and hollow dots for excluded endpoints. **Style Requirements**: The function curve must be a **Blue line**. Any vertical asymptotes must be **Red lines**. The axes, labels, and numbers must be **Black**. The x-axis tick marks must be strictly **even numbers** (e.g., -6, -4, -2, 0, 2, 4, 6)."
function,25,22,function_relations,data/evaluate_script/function/function_25.py,"Plot the damped oscillation y = e^{-0.4x}\sin(3x) over the interval x \in [0, 10]. Also draw the envelope curves y = e^{-0.4x} and y = -e^{-0.4x} as thin gray dashed lines. **Style Requirements**: The function curve must be a **Blue line**. Any vertical asymptotes must be **Red lines**. The axes, labels, and numbers must be **Black**. The x-axis tick marks must be strictly **even numbers** (e.g., -6, -4, -2, 0, 2, 4, 6)."
function,26,23,function_relations,data/evaluate_script/function/function_26.py,"Plot y = |x^2 - 4| over the interval x \in [-4, 4] together with the x-axis. Shade only the region enclosed between the curve and the x-axis for x \in [-2, 2] using Gold with alpha=0.5. Mark the x-intercepts clearly. **Style Requirements**: The function curve must be a **Blue line**. Any vertical asymptotes must be **Red lines**. The axes, labels, and numbers must be **Black**. The x-axis tick marks must be strictly **even numbers** (e.g., -6, -4, -2, 0, 2, 4, 6)."
function,27,33,function_relations,data/evaluate_script/function/function_27.py,"Plot the parametric-style relation converted to explicit branches: y = \pm\sqrt{9-(x-1)^2} + 0.5\sin(4x) restricted to the domain where the square root is real. Render both upper and lower branches and indicate domain endpoints clearly. **Style Requirements**: The function curve must be a **Blue line**. Any vertical asymptotes must be **Red lines**. The axes, labels, and numbers must be **Black**. The x-axis tick marks must be strictly **even numbers**."
function,28,34,function_relations,data/evaluate_script/function/function_28.py,"Plot y = e^{-0.25x}\cos(5x) + 0.15x over x \in [0, 16]. Draw envelope guides y = \pm e^{-0.25x} + 0.15x as thin dashed gray curves, and highlight all intersections of the main curve with y=0. **Style Requirements**: The function curve must be a **Blue line**. Any vertical asymptotes must be **Red lines**. The axes, labels, and numbers must be **Black**. The x-axis tick marks must be strictly **even numbers**."
function,29,16,continuous_functions,data/evaluate_script/function/function_29.py,"Plot the function y = \frac{2x}{x^2 - 9} over the interval x \in [-8, 8]. Clearly display the vertical asymptotes at x = -3 and x = 3. **Style Requirements**: The function curve must be a **Blue line**. Any vertical asymptotes must be **Red lines**. The axes, labels, and numbers must be **Black**. The x-axis tick marks must be strictly **even numbers** (e.g., -8, -6, -4, -2, 0, 2, 4, 6, 8)."
function,30,18,continuous_functions,data/evaluate_script/function/function_30.py,"Plot the function y = \tan(0.5x) over the interval x \in [-6, 6]. Clearly display the vertical asymptotes at x = -\pi and x = \pi (approx \pm 3.14). **Style Requirements**: The function curve must be a **Blue line**. Any vertical asymptotes must be **Red lines**. The axes, labels, and numbers must be **Black**. The x-axis tick marks must be strictly **even numbers** (e.g., -6, -4, -2, 0, 2, 4, 6)."
function,31,24,continuous_functions,data/evaluate_script/function/function_31.py,"Plot y = \tan\left(\frac{x}{2}\right) over the interval x \in [-2\pi, 2\pi]. Clearly show vertical asymptotes at x = -\pi and x = \pi using red dashed lines. Limit the displayed y-range to [-6, 6]. **Style Requirements**: The function curve must be a **Blue line**. Any vertical asymptotes must be **Red lines**. The axes, labels, and numbers must be **Black**. The x-axis tick marks must be strictly **even numbers** (e.g., -6, -4, -2, 0, 2, 4, 6)."
function,32,17,continuous_functions,data/evaluate_script/function/function_32.py,"Plot the function y = \frac{e^x}{x + 2} over the interval x \in [-6, 4]. Clearly display the vertical asymptote at x = -2. **Style Requirements**: The function curve must be a **Blue line**. Any vertical asymptotes must be **Red lines**. The axes, labels, and numbers must be **Black**. The x-axis tick marks must be strictly **even numbers** (e.g., -6, -4, -2, 0, 2, 4)."
function,33,21,continuous_functions,data/evaluate_script/function/function_33.py,"Plot the function y = \frac{x^2 - 1}{x - 1} over the interval x \in [-4, 4]. Show that x = 1 is a removable discontinuity by drawing a hollow circle at (1, 2). Draw the line y = x + 1 for all other x in the interval. **Style Requirements**: The function curve must be a **Blue line**. Any vertical asymptotes must be **Red lines**. The axes, labels, and numbers must be **Black**. The x-axis tick marks must be strictly **even numbers** (e.g., -6, -4, -2, 0, 2, 4, 6)."
function,34,1,continuous_functions,data/evaluate_script/function/function_34.py,"Plot the function y = \frac{x^3 - 3x + 1}{x^2 - 4} over the interval x \in [-6, 6]. Clearly display the vertical asymptotes at x = -2 and x = 2. **Style Requirements**: The function curve must be a **Blue line**. Any vertical asymptotes must be **Red lines**. The axes, labels, and numbers must be **Black**. The x-axis tick marks must be strictly **even numbers** (e.g., -6, -4, -2, 0, 2, 4, 6)."
function,35,2,continuous_functions,data/evaluate_script/function/function_35.py,"Plot the function y = \ln(\frac{x + 3}{x - 1}) over the interval x \in [-2, 6]. Clearly display the vertical asymptote at x = 1. **Style Requirements**: The function curve must be a **Blue line**. Any vertical asymptotes must be **Red lines**. The axes, labels, and numbers must be **Black**. The x-axis tick marks must be strictly **even numbers** (e.g., -6, -4, -2, 0, 2, 4, 6)."
function,36,3,continuous_functions,data/evaluate_script/function/function_36.py,"Plot the function y = \frac{\sqrt{x^2 + 1}}{x - 2} over the interval x \in [-6, 6]. Clearly display the vertical asymptote at x = 2. **Style Requirements**: The function curve must be a **Blue line**. Any vertical asymptotes must be **Red lines**. The axes, labels, and numbers must be **Black**. The x-axis tick marks must be strictly **even numbers** (e.g., -6, -4, -2, 0, 2, 4, 6)."
function,37,4,continuous_functions,data/evaluate_script/function/function_37.py,"Plot the sum of the first three terms of the Fourier series: y = \sin(x) + \frac{1}{3}\sin(3x) + \frac{1}{5}\sin(5x) over the range [0, 4\pi]. **Style Requirements**: The function curve must be a **Blue line**. Any vertical asymptotes must be **Red lines**. The axes, labels, and numbers must be **Black**. The x-axis tick marks must be strictly **even numbers** (e.g., -6, -4, -2, 0, 2, 4, 6)."
function,38,32,continuous_functions,data/evaluate_script/function/function_38.py,"Plot y = (x^3-6x)/(x^2-1) over x \in [-6,6], showing vertical asymptotes at x=\pm1 and the oblique asymptote from polynomial division. Also mark all local extrema and x-intercepts. **Style Requirements**: The function curve must be a **Blue line**. Any vertical asymptotes must be **Red lines**. The axes, labels, and numbers must be **Black**. The x-axis tick marks must be strictly **even numbers**."
function,39,35,continuous_functions,data/evaluate_script/function/function_39.py,"Plot y = ln|x^2-4x+3| + 1/(x-2) over x \in [-2, 6]. Correctly break the graph at all domain exclusions (x=1,2,3), show each vertical asymptote, and preserve correct branch behavior near singularities. **Style Requirements**: The function curve must be a **Blue line**. Any vertical asymptotes must be **Red lines**. The axes, labels, and numbers must be **Black**. The x-axis tick marks must be strictly **even numbers**."
function,40,36,continuous_functions,data/evaluate_script/function/function_40.py,"Plot the function y = 5 over the interval x \in [-6, 6]. **Style Requirements**: The function curve must be a **Blue line**. Any vertical asymptotes must be **Red lines**. The axes, labels, and numbers must be **Black**. The x-axis tick marks must be strictly **even numbers** (e.g., -6, -4, -2, 0, 2, 4, 6)."
function,41,37,continuous_functions,data/evaluate_script/function/function_41.py,"Plot the function y = -0.5x + 1 over the interval x \in [-6, 6]. **Style Requirements**: The function curve must be a **Blue line**. Any vertical asymptotes must be **Red lines**. The axes, labels, and numbers must be **Black**. The x-axis tick marks must be strictly **even numbers** (e.g., -6, -4, -2, 0, 2, 4, 6)."
function,42,38,continuous_functions,data/evaluate_script/function/function_42.py,"Plot the line x = -3 over the y-range [-6, 6]. **Style Requirements**: The line must be a **Blue line**. Any vertical asymptotes must be **Red lines**. The axes, labels, and numbers must be **Black**. The x-axis tick marks must be strictly **even numbers** (e.g., -6, -4, -2, 0, 2, 4, 6)."
function,43,39,continuous_functions,data/evaluate_script/function/function_43.py,"Plot the function y = 2x^2 over the interval x \in [-4, 4]. **Style Requirements**: The function curve must be a **Blue line**. Any vertical asymptotes must be **Red lines**. The axes, labels, and numbers must be **Black**. The x-axis tick marks must be strictly **even numbers** (e.g., -4, -2, 0, 2, 4)."
function,44,40,continuous_functions,data/evaluate_script/function/function_44.py,"Plot the function y = 0.5x^2 - 4 over the interval x \in [-6, 6]. **Style Requirements**: The function curve must be a **Blue line**. Any vertical asymptotes must be **Red lines**. The axes, labels, and numbers must be **Black**. The x-axis tick marks must be strictly **even numbers** (e.g., -6, -4, -2, 0, 2, 4, 6)."
function,45,41,continuous_functions,data/evaluate_script/function/function_45.py,"Plot the function y = -2x^2 + 3 over the interval x \in [-4, 4]. **Style Requirements**: The function curve must be a **Blue line**. Any vertical asymptotes must be **Red lines**. The axes, labels, and numbers must be **Black**. The x-axis tick marks must be strictly **even numbers** (e.g., -4, -2, 0, 2, 4)."
function,46,42,continuous_functions,data/evaluate_script/function/function_46.py,"Plot the function y = |2x| - 3 over the interval x \in [-6, 6]. **Style Requirements**: The function curve must be a **Blue line**. Any vertical asymptotes must be **Red lines**. The axes, labels, and numbers must be **Black**. The x-axis tick marks must be strictly **even numbers** (e.g., -6, -4, -2, 0, 2, 4, 6)."
function,47,43,continuous_functions,data/evaluate_script/function/function_47.py,"Plot the function y = -|x| + 4 over the interval x \in [-6, 6]. **Style Requirements**: The function curve must be a **Blue line**. Any vertical asymptotes must be **Red lines**. The axes, labels, and numbers must be **Black**. The x-axis tick marks must be strictly **even numbers** (e.g., -6, -4, -2, 0, 2, 4, 6)."
function,48,44,continuous_functions,data/evaluate_script/function/function_48.py,"Plot the function y = x^3 over the interval x \in [-4, 4]. **Style Requirements**: The function curve must be a **Blue line**. Any vertical asymptotes must be **Red lines**. The axes, labels, and numbers must be **Black**. The x-axis tick marks must be strictly **even numbers** (e.g., -4, -2, 0, 2, 4)."
function,49,45,continuous_functions,data/evaluate_script/function/function_49.py,"Plot the function y = -x^3 over the interval x \in [-4, 4]. **Style Requirements**: The function curve must be a **Blue line**. Any vertical asymptotes must be **Red lines**. The axes, labels, and numbers must be **Black**. The x-axis tick marks must be strictly **even numbers** (e.g., -4, -2, 0, 2, 4)."
function,50,46,continuous_functions,data/evaluate_script/function/function_50.py,"Plot the function y = \sqrt{x} over the interval x \in [0, 8]. **Style Requirements**: The function curve must be a **Blue line**. Any vertical asymptotes must be **Red lines**. The axes, labels, and numbers must be **Black**. The x-axis tick marks must be strictly **even numbers** (e.g., 0, 2, 4, 6, 8)."
plane,1,3,intersection_reasoning,data/evaluate_script/plane/plane_1.py,Draw two perpendicular straight lines. Label the horizontal line as F and the vertical line as G.
plane,2,16,intersection_reasoning,data/evaluate_script/plane/plane_2.py,Draw two intersecting lines that cross at a point P.
plane,3,24,intersection_reasoning,data/evaluate_script/plane/plane_3.py,"Draw a rhombus ABCD with A at the left vertex. Draw both diagonals AC and BD intersecting at P. Label the midpoints of the four sides as E, F, G, H and connect them to form the inner rectangle EFGH."
plane,4,25,intersection_reasoning,data/evaluate_script/plane/plane_4.py,"Draw a regular hexagon ABCDEF with A at the top. Draw all three main diagonals AD, BE, and CF intersecting at center H. Connect alternate vertices A, C, E to form an inscribed equilateral triangle."
plane,5,26,intersection_reasoning,data/evaluate_script/plane/plane_5.py,"Draw two parallel horizontal lines labeled T and B. Draw two transversal lines crossing both, intersecting the top line at P and Q, and the bottom line at H and F. Label all four intersection points."
plane,6,28,intersection_reasoning,data/evaluate_script/plane/plane_6.py,Draw a rectangle ABCD where the width is twice the height. Draw both diagonals AC and BD intersecting at H. Draw a circle centered at H that passes through all four vertices.
plane,7,29,intersection_reasoning,data/evaluate_script/plane/plane_7.py,Draw a trapezoid ABCD with the longer base AB at the bottom and the shorter base CD at the top. Draw both diagonals AC and BD intersecting at H. Draw the median EF connecting the midpoints of the two non-parallel sides AD and BC.
plane,8,31,intersection_reasoning,data/evaluate_script/plane/plane_8.py,Draw two circles that intersect at exactly two points P and Q.
plane,9,57,intersection_reasoning,data/evaluate_script/plane/plane_9.py,Draw two intersecting circles with centers O and P. Connect the two centers with segment OP.
plane,10,81,intersection_reasoning,data/evaluate_script/plane/plane_10.py,"Draw a circle with center O. Place a point P outside the circle, and draw a secant through P intersecting the circle at points A and B."
plane,11,85,intersection_reasoning,data/evaluate_script/plane/plane_11.py,Draw two circles that intersect at exactly two points A and B. Connect A and B with a line segment.
plane,12,20,composite_figure_reasoning,data/evaluate_script/plane/plane_12.py,"Draw two disjoint circles, one smaller than the other."
plane,13,21,composite_figure_reasoning,data/evaluate_script/plane/plane_13.py,"Draw an equilateral triangle ABC with A at the top. Draw all three altitudes and label their feet as D, E, and F. Connect D, E, F to form the inner triangle DEF."
plane,14,22,composite_figure_reasoning,data/evaluate_script/plane/plane_14.py,"Draw a square ABCD with A at the top-left. Draw its inscribed circle and circumscribed circle, both centered at H. Draw the four line segments from H to each vertex A, B, C, D."
plane,15,30,composite_figure_reasoning,data/evaluate_script/plane/plane_15.py,"Draw a circle with center H. Inscribe an equilateral triangle ABC inside the circle. Draw the three radii HA, HB, and HC. Draw a smaller inscribed circle inside the triangle, centered at H."
plane,16,34,composite_figure_reasoning,data/evaluate_script/plane/plane_16.py,Draw a triangle ABC and place a circle completely inside the triangle.
plane,17,35,composite_figure_reasoning,data/evaluate_script/plane/plane_17.py,Draw a rectangle ABCD and place a circle completely outside the rectangle on the right side.
plane,18,39,composite_figure_reasoning,data/evaluate_script/plane/plane_18.py,Draw a circle and a rectangle completely inside the circle.
plane,19,40,composite_figure_reasoning,data/evaluate_script/plane/plane_19.py,Draw a triangle ABC and a circle completely outside the triangle on the left side.
plane,20,43,composite_figure_reasoning,data/evaluate_script/plane/plane_20.py,Draw a square ABCD and place a smaller square completely inside it.
plane,21,44,composite_figure_reasoning,data/evaluate_script/plane/plane_21.py,"Draw a triangle ABC and draw all three sides clearly, then mark a point P strictly inside the triangle and connect P to A."
plane,22,47,composite_figure_reasoning,data/evaluate_script/plane/plane_22.py,"Draw two disjoint squares, one larger than the other."
plane,23,48,composite_figure_reasoning,data/evaluate_script/plane/plane_23.py,Draw a triangle ABC and a rectangle DEFG that do not overlap.
plane,24,50,composite_figure_reasoning,data/evaluate_script/plane/plane_24.py,Draw a circle and place a triangle ABC completely outside the circle above it.
plane,25,51,composite_figure_reasoning,data/evaluate_script/plane/plane_25.py,Draw a circle with center O and place one point P inside the circle and one point Q outside the circle.
plane,26,52,composite_figure_reasoning,data/evaluate_script/plane/plane_26.py,Draw a parallelogram ABCD and place a circle completely inside the parallelogram.
plane,27,54,composite_figure_reasoning,data/evaluate_script/plane/plane_27.py,"Draw a rectangle ABCD. Draw a smaller circle completely inside the rectangle, and place a point P at the center of the circle."
plane,28,60,composite_figure_reasoning,data/evaluate_script/plane/plane_28.py,"Draw a circle with center O. Place two points A and B on the circle, and place a point P strictly inside the circle."
plane,29,1,geometric_construction,data/evaluate_script/plane/plane_29.py,"Draw one circle. Place a point P outside the circle on the right side, horizontally aligned with the circle’s center."
plane,30,2,geometric_construction,data/evaluate_script/plane/plane_30.py,Draw one circle and label its center as C.
plane,31,4,geometric_construction,data/evaluate_script/plane/plane_31.py,"Draw a quadrilateral ABCD with A at the upper-left vertex, and label the vertices in clockwise order."
plane,32,5,geometric_construction,data/evaluate_script/plane/plane_32.py,"Draw a triangle ABC with A at the top, B at the bottom-left, and C at the bottom-right."
plane,33,6,geometric_construction,data/evaluate_script/plane/plane_33.py,Draw a horizontal line segment AB with A on the left and B on the right.
plane,34,7,geometric_construction,data/evaluate_script/plane/plane_34.py,Draw two parallel horizontal lines. Label the top line as T and the bottom line as B.
plane,35,8,geometric_construction,data/evaluate_script/plane/plane_35.py,"Draw a circle with center C, then draw a diameter AB and label the endpoints A and B."
plane,36,9,geometric_construction,data/evaluate_script/plane/plane_36.py,Draw a right triangle ABC with the right angle at vertex C.
plane,37,10,geometric_construction,data/evaluate_script/plane/plane_37.py,"Draw a parallelogram ABCD with A at the upper-left vertex, and label the vertices in counterclockwise order."
plane,38,11,geometric_construction,data/evaluate_script/plane/plane_38.py,Draw a rectangle ABCD where the width is greater than the height.
plane,39,12,geometric_construction,data/evaluate_script/plane/plane_39.py,Draw a circle with center C and draw a radius CA.
plane,40,13,geometric_construction,data/evaluate_script/plane/plane_40.py,Draw a line segment PQ and mark its midpoint M.
plane,41,14,geometric_construction,data/evaluate_script/plane/plane_41.py,Draw an isosceles triangle ABC with AB = AC.
plane,42,15,geometric_construction,data/evaluate_script/plane/plane_42.py,Draw a generic pentagon with 5 sides.
plane,43,17,geometric_construction,data/evaluate_script/plane/plane_43.py,Draw a circle and a line that touches the circle at exactly one point T.
plane,44,18,geometric_construction,data/evaluate_script/plane/plane_44.py,Draw a trapezoid with the bottom side longer than the top side.
plane,45,19,geometric_construction,data/evaluate_script/plane/plane_45.py,Draw a rectangle ABCD. Draw the diagonal AC.
plane,46,61,composite_figure_reasoning,data/evaluate_script/plane/plane_46.py,"Draw a rectangle ABCD. Place a point P strictly inside the rectangle, then connect P to vertices A and C."
plane,47,23,geometric_construction,data/evaluate_script/plane/plane_47.py,"Draw a right triangle ABC with the right angle at C, where A is at the top-left and B is at the bottom-right. Draw the altitude from C to the hypotenuse AB, labeling the foot as D. Draw segment CD and mark the midpoint M of the hypotenuse BC."
plane,48,62,composite_figure_reasoning,data/evaluate_script/plane/plane_48.py,Draw a triangle ABC and a square DEFG completely outside the triangle on its right side.
plane,49,27,geometric_construction,data/evaluate_script/plane/plane_49.py,"Draw a triangle ABC with A at the top. Draw the three medians from each vertex to the midpoint of the opposite side. Label the midpoints as D, E, F and label the centroid as G."
plane,50,65,composite_figure_reasoning,data/evaluate_script/plane/plane_50.py,Draw a square ABCD. Mark a point P strictly inside the square and connect P to vertices B and D.
set,1,31,set_membership,data/evaluate_script/set/set_1.py,Two overlapping circles A and B. Shade only the intersection of A and B (the region where both circles overlap). The shading color is Red.
set,2,32,set_membership,data/evaluate_script/set/set_2.py,Two overlapping circles A and B. Shade only the part of Circle A that does not overlap with Circle B. The shading color is Blue.
set,3,33,set_operations,data/evaluate_script/set/set_3.py,Two overlapping circles A and B. Shade the entire union of A and B (all regions covered by either circle). The shading color is Green.
set,4,34,set_membership,data/evaluate_script/set/set_4.py,"Three overlapping circles A, B, and C. Shade only the region where all three circles overlap (the intersection of A, B, and C). All other regions must remain unshaded. The shading color is Purple."
set,5,35,set_membership,data/evaluate_script/set/set_5.py,"Three overlapping circles A, B, and C. Shade only the region that belongs to B but does not overlap with A and does not overlap with C. The shading color is Yellow."
set,6,47,set_membership,data/evaluate_script/set/set_6.py,"Three overlapping circles A, B, and C. Shade only the region where all three sets intersect (A ∩ B ∩ C). All other regions must remain unshaded white. The shading color is Purple. Leave all other regions unshaded."
set,7,48,set_operations,data/evaluate_script/set/set_7.py,A Venn diagram with two overlapping circles A and B. Shade the symmetric difference of A and B: elements in A or B but not in both. Do not shade the intersection. The shading color is Pink. All unspecified regions must stay white.
set,8,51,set_membership,data/evaluate_script/set/set_8.py,"Three overlapping circles A, B, C. Shade the parts that are in exactly one circle only (unique to A, unique to B, or unique to C). Do not shade any overlapping regions. The shading color is Lime Green. Keep every non-target region white."
set,9,66,set_membership,data/evaluate_script/set/set_9.py,Two overlapping circles A and B. Shade only the intersection of A and B (the region where both circles overlap). The shading color is Red. Keep every non-target region white.
set,10,67,set_membership,data/evaluate_script/set/set_10.py,Two overlapping circles A and B. Shade only the part of Circle A that does not overlap with Circle B. The shading color is Blue. Leave all other regions unshaded.
set,11,68,set_operations,data/evaluate_script/set/set_11.py,Two overlapping circles A and B. Shade the entire union of A and B (all regions covered by either circle). The shading color is Green. All unspecified regions must stay white.
set,12,69,set_membership,data/evaluate_script/set/set_12.py,"Three overlapping circles A, B, and C. Shade only the region where all three circles overlap (the intersection of A, B, and C). All other regions must remain unshaded. The shading color is Purple. Do not add color outside the required region(s)."
set,13,70,set_membership,data/evaluate_script/set/set_13.py,"Three overlapping circles A, B, and C. Shade only the region that belongs to B but does not overlap with A and does not overlap with C. The shading color is Yellow. Only the requested region(s) should be colored."
set,14,1,set_operations,data/evaluate_script/set/set_14.py,"A standard Venn diagram with three overlapping circles labeled A, B, and C. Shade the region defined by the logic: the Union of sets A, B, and C, excluding the Intersection of all three sets. The shading color is Red. The central intersection of all three circles must remain unshaded (white)"
set,15,2,set_operations,data/evaluate_script/set/set_15.py,"Three overlapping circles A, B, and C. Shade ONLY the regions where exactly two circles overlap. Do not shade regions where only one circle exists, and do not shade the region where all three circles overlap. The shading color is Red."
set,16,3,set_operations,data/evaluate_script/set/set_16.py,"A diagram with three circles A, B, and C. Shade the region representing Circle C intersected with the Union of A and B. In other words, shade the parts of Circle C that overlap with either A or B. The shading color is Red."
set,17,4,set_membership,data/evaluate_script/set/set_17.py,"Three overlapping circles A, B, and C. Shade the region representing elements strictly unique to A and elements strictly unique to B. Do not shade any overlapping regions (intersections). Do not shade any part of Circle C. The shading color is Red."
set,18,5,set_relations,data/evaluate_script/set/set_18.py,Two large overlapping circles A and B. A smaller circle D is placed completely inside the intersection area of A and B. Shade only the subset circle D. Leave the rest of A and B unshaded. The shading color is Red.
set,19,8,set_relations,data/evaluate_script/set/set_19.py,"A Venn diagram with three circles A, B, C where Circle A is entirely contained within Circle B (A ⊂ B), and C overlaps with B (but not with A). Shade the region that is in B but NOT in A and NOT in C (the part of B exclusive of A and C). The shading color is Red; all other regions are white."
set,20,9,set_relations,data/evaluate_script/set/set_20.py,"Two overlapping circles A and B, and a third disjoint circle C (no overlap with A or B). Shade the union of: (1) the intersection of A and B, and (2) the entire Circle C. No other regions (A-only, B-only) should be shaded. The shading color is Red."
set,21,10,set_operations,data/evaluate_script/set/set_21.py,"Three overlapping circles A, B, C. Shade the complement of (A ∩ B ∩ C) relative to the union of all three circles – in other words, shade every part of A, B, or C except the regions that are unique to a single circle. The shading color is Red; single-circle unique regions remain white."
set,22,11,set_operations,data/evaluate_script/set/set_22.py,"A standard Venn diagram with three overlapping circles labeled A, B, and C. Shade the region representing the Union of A and B, but completely exclude any part that overlaps with Circle C. The shading color is Green."
set,23,14,set_operations,data/evaluate_script/set/set_23.py,"Three overlapping circles A, B, and C. Shade the region that is in the Union of A, B, and C, but exclude the parts where exactly two sets overlap. Only the unique single‑circle regions remain shaded. The shading color is Light Blue."
set,24,15,set_operations,data/evaluate_script/set/set_24.py,"A universal set rectangle U containing three overlapping circles A, B, C. Shade the region that is in B or C, but not in A. The shading color is Teal."
set,25,17,set_relations,data/evaluate_script/set/set_25.py,"Two overlapping circles A and B, with Circle C fully contained inside Circle A and not overlapping B. Shade the entire region of Circle A excluding the part occupied by Circle C. The shading color is Brown."
set,26,18,set_operations,data/evaluate_script/set/set_26.py,"Three overlapping circles A, B, C. Shade the intersection of A and C, plus the part of B that does not overlap with either A or C. The shading color is Gray."
set,27,19,set_relations,data/evaluate_script/set/set_27.py,"A universal set U with three circles A, B, C. Shade the complement of the Union of A, B, and C — that is, the area inside U but outside all three circles. The shading color is Black."
set,28,20,set_operations,data/evaluate_script/set/set_28.py,"Three overlapping circles A, B, C. Use two colors: shade the unique part of A in Red, and the intersection of B and C that does not include A in Blue. All other regions stay white."
set,29,21,set_relations,data/evaluate_script/set/set_29.py,"Draw a rectangular border labeled U to represent the Universal Set, containing three overlapping circles A, B, and C. The overall image background remains white. Inside the rectangle, shade only the region outside all three circles but still within the rectangle border. The shading color is Dark Navy Blue. The three circles themselves must remain white and unshaded."
set,30,22,set_operations,data/evaluate_script/set/set_30.py,"Three circles A, B, C. Shade the Intersection of C with A and the Intersection of C with B, but exclude the Intersection of all three. The shading color is Magenta."
set,31,23,set_relations,data/evaluate_script/set/set_31.py,An asymmetric Venn diagram. Circle A is significantly larger than Circle B. Circle B overlaps A. Shade only the intersection $(A \cap B)$. The shading color is Cyan.
set,32,24,set_relations,data/evaluate_script/set/set_32.py,"A 4-set Venn diagram using four overlapping ellipses labeled A, B, C, D. Shade the Intersection of all four sets. The shading color is Red."
set,33,25,set_operations,data/evaluate_script/set/set_33.py,"Three overlapping circles A, B, C. Shade the parts of C that overlap with either A or B, but NOT the part of C that overlaps with both A and B at the same time. The shading color is Orange."
set,34,26,set_operations,data/evaluate_script/set/set_34.py,"A rectangular border labeled U containing three overlapping circles A, B, C. Shade two regions with different colors: shade the overlap of A and B that is outside C in Red, and shade the area inside U but outside all three circles in Blue. Leave all other areas unshaded."
set,35,27,set_operations,data/evaluate_script/set/set_35.py,"Four circles A, B, C, D arranged in a 2x2 grid. A (top-left) overlaps B (top-right) and C (bottom-left). D (bottom-right) overlaps B and C. But A does not overlap D, and B does not overlap C (only diagonal pairs do not overlap). Shade only the regions where exactly two circles overlap. The shading color is Purple."
set,36,28,set_relations,data/evaluate_script/set/set_36.py,"A rectangular border labeled U for the Universal Set, containing two overlapping circles A and B. Shade the region inside the rectangle but outside both circles. The shading color is Purple."
set,37,30,set_operations,data/evaluate_script/set/set_37.py,"Three overlapping circles A, B, and C. Use two different shading colors. Shade the overlap region of A and B that does not touch C in Red. Shade the overlap region of B and C that does not touch A in Blue. All other regions must remain unshaded."
set,38,40,set_relations,data/evaluate_script/set/set_38.py,Two large overlapping circles A and B. A smaller circle D is placed completely inside the intersection area of A and B. Shade only the subset circle D. Leave the rest of A and B unshaded. The shading color is Red. Only the requested region(s) should be colored.
set,39,43,set_relations,data/evaluate_script/set/set_39.py,"A Venn diagram with three circles A, B, C where Circle A is entirely contained within Circle B (A ⊂ B), and C overlaps with B (but not with A). Shade the region that is in B but NOT in A and NOT in C (the part of B exclusive of A and C). The shading color is Red; all other regions are white. All unspecified regions must stay white."
set,40,44,set_relations,data/evaluate_script/set/set_40.py,"Two overlapping circles A and B, and a third disjoint circle C (no overlap with A or B). Shade the union of: (1) the intersection of A and B, and (2) the entire Circle C. No other regions (A-only, B-only) should be shaded. The shading color is Red. Do not add color outside the required region(s)."
set,41,45,set_operations,data/evaluate_script/set/set_41.py,"Three overlapping circles A, B, C. Shade the complement of (A ∩ B ∩ C) relative to the union of all three circles – in other words, shade every part of A, B, or C except the regions that are unique to a single circle. The shading color is Red; single-circle unique regions remain white. Only the requested region(s) should be colored."
set,42,52,set_relations,data/evaluate_script/set/set_42.py,"Two overlapping circles A and B, with Circle C fully contained inside Circle A and not overlapping B. Shade the entire region of Circle A excluding the part occupied by Circle C. The shading color is Brown. Leave all other regions unshaded."
set,43,54,set_relations,data/evaluate_script/set/set_43.py,"A universal set U with three circles A, B, C. Shade the complement of the Union of A, B, and C — that is, the area inside U but outside all three circles. The shading color is Black. Do not add color outside the required region(s)."
set,44,56,set_relations,data/evaluate_script/set/set_44.py,"Draw a rectangular border labeled U to represent the Universal Set, containing three overlapping circles A, B, and C. The overall image background remains white. Inside the rectangle, shade only the region outside all three circles but still within the rectangle border. The shading color is Dark Navy Blue. The three circles themselves must remain white and unshaded. Keep every non-target region white."
set,45,58,set_relations,data/evaluate_script/set/set_45.py,An asymmetric Venn diagram. Circle A is significantly larger than Circle B. Circle B overlaps A. Shade only the intersection $(A \cap B)$. The shading color is Cyan. All unspecified regions must stay white.
set,46,59,set_relations,data/evaluate_script/set/set_46.py,"A 4-set Venn diagram using four overlapping ellipses labeled A, B, C, D. Shade the Intersection of all four sets. The shading color is Red. Do not add color outside the required region(s)."
set,47,63,set_relations,data/evaluate_script/set/set_47.py,"A rectangular border labeled U for the Universal Set, containing two overlapping circles A and B. Shade the region inside the rectangle but outside both circles. The shading color is Purple. All unspecified regions must stay white."
set,48,75,set_membership,data/evaluate_script/set/set_48.py,Two large overlapping circles A and B. A smaller circle D is placed completely inside the intersection area of A and B. Shade only the subset circle D. Leave the rest of A and B unshaded. The shading color is Red. Only the requested region(s) should be colored.
set,49,82,set_membership,data/evaluate_script/set/set_49.py,"Three overlapping circles A, B, and C. Shade only the region where all three sets intersect (A ∩ B ∩ C). All other regions must remain unshaded white. The shading color is Purple. Leave all other regions unshaded."
set,50,99,set_membership,data/evaluate_script/set/set_50.py,"Three overlapping circles A, B, and C. Shade only the region that belongs to A but does not overlap with B and does not overlap with C. The shading color is Yellow. Do not add color outside the required region(s)."
solid,1,1,shape_recognition_3d,data/evaluate_script/solid/solid_1.py,Draw a simple cube in 3D.
solid,2,3,shape_recognition_3d,data/evaluate_script/solid/solid_2.py,Draw a cube and label two opposite vertices as A and G.
solid,3,4,shape_recognition_3d,data/evaluate_script/solid/solid_3.py,Draw a cube and draw one space diagonal from a front vertex to the opposite back vertex.
solid,4,5,shape_recognition_3d,data/evaluate_script/solid/solid_4.py,"Draw a cube labeled with vertices A, B, C, D on the front face and E, F, G, H on the back face such that AE, BF, CG, DH are connecting edges. On the front face ABCD, draw face diagonals A-C and B-D as solid lines. Mark their intersection point as P and label it P."
solid,5,6,shape_recognition_3d,data/evaluate_script/solid/solid_5.py,Draw a simple triangular prism in 3D.
solid,6,7,shape_recognition_3d,data/evaluate_script/solid/solid_6.py,Draw a cylinder in 3D with top and bottom ellipses.
solid,7,8,shape_recognition_3d,data/evaluate_script/solid/solid_7.py,Draw a cone in 3D with a circular base.
solid,8,9,shape_recognition_3d,data/evaluate_script/solid/solid_8.py,Draw a sphere as a circle with one horizontal and one vertical guide arc.
solid,9,11,shape_recognition_3d,data/evaluate_script/solid/solid_9.py,Draw a tetrahedron (triangular pyramid) in 3D.
solid,10,12,shape_recognition_3d,data/evaluate_script/solid/solid_10.py,"Draw a pentagonal prism with front face vertices A,B,C,D,E in cyclic order and back face vertices F,G,H,I,J correspondingly, with connecting edges AF, BG, CH, DI, EJ. Draw all prism edges, and additionally draw diagonals A-C on the front pentagon and F-H on the back pentagon as solid lines. Label all ten vertices."
solid,11,14,shape_recognition_3d,data/evaluate_script/solid/solid_11.py,Draw a cuboid that is wider than it is tall.
solid,12,15,shape_recognition_3d,data/evaluate_script/solid/solid_12.py,"Draw a cube labeled A,B,C,D on the front face and E,F,G,H on the back face with connecting edges AE, BF, CG, DH. Place point P on edge AB, point Q on edge BC, and point R on edge CG. Draw the triangle P-Q-R as solid segments. Label A,B,C,D,E,F,G,H,P,Q,R."
solid,13,17,shape_recognition_3d,data/evaluate_script/solid/solid_13.py,Draw a cube and label the top front edge as AB.
solid,14,18,shape_recognition_3d,data/evaluate_script/solid/solid_14.py,Draw a cylinder next to a cube in the same 3D scene.
solid,15,21,shape_recognition_3d,data/evaluate_script/solid/solid_15.py,"Draw two cubes of equal size in the same 3D scene. Label one cube A,B,C,D on one face and E,F,G,H on the opposite face with connecting edges AE, BF, CG, DH. Label the other cube P,Q,R,S on one face and T,U,V,W on the opposite face with connecting edges PT, QU, RV, SW. Use only these vertex labels."
solid,16,22,shape_recognition_3d,data/evaluate_script/solid/solid_16.py,"Draw a cube and a rectangular cuboid side by side in one 3D view. Label the cube A,B,C,D on one face and E,F,G,H on the opposite face with connecting edges AE, BF, CG, DH. Label the cuboid P,Q,R,S on one face and T,U,V,W on the opposite face with connecting edges PT, QU, RV, SW."
solid,17,23,shape_recognition_3d,data/evaluate_script/solid/solid_17.py,Draw a triangular prism and label one triangular face as ABC.
solid,18,19,spatial_position_coordinates,data/evaluate_script/solid/solid_18.py,"Draw 3D coordinate axes with arrowheads labeled x, y, z. Draw a rectangular cuboid (rectangular prism) and label one vertex as O at the origin. Place vertex A on the positive x-axis, vertex B on the positive y-axis, and vertex C on the positive z-axis. Draw segments OA, OB, OC as solid edges of the cuboid, and complete the cuboid structure. Label O,A,B,C and the remaining four cuboid vertices as D,E,F,G."
solid,19,20,spatial_position_coordinates,data/evaluate_script/solid/solid_19.py,Draw a sphere above a cube in a simple 3D composition.
solid,20,61,spatial_position_coordinates,data/evaluate_script/solid/solid_20.py,Draw a cylinder above a rectangular cuboid in the same 3D scene. Leave a small gap between them and label the cuboid as A and the cylinder as B by placing labels near the solids.
solid,21,62,spatial_position_coordinates,data/evaluate_script/solid/solid_21.py,Draw a cone to the right of a sphere in the same 3D scene. Label the cone as P and the sphere as Q by placing labels near the solids.
solid,22,63,spatial_position_coordinates,data/evaluate_script/solid/solid_22.py,"Draw two cubes in the same 3D scene, with one cube placed slightly behind the other. Label the front cube as A and the back cube as B by placing labels near the cubes."
solid,23,64,spatial_position_coordinates,data/evaluate_script/solid/solid_23.py,"Draw 3D coordinate axes with arrowheads labeled x, y, z. Place point A on the positive x-axis, point B on the positive y-axis, and point C on the positive z-axis, and label the origin as O."
solid,24,65,spatial_position_coordinates,data/evaluate_script/solid/solid_24.py,"Draw two parallel planes in 3D as parallelograms, one above the other. Label the upper plane as P and the lower plane as Q."
solid,25,67,spatial_position_coordinates,data/evaluate_script/solid/solid_25.py,Draw a rectangular cuboid that is longer than it is tall. Mark the midpoint of the top front edge as P and the midpoint of the bottom front edge directly below it as Q. Label P and Q.
solid,26,68,spatial_position_coordinates,data/evaluate_script/solid/solid_26.py,Draw two cubes stacked vertically so that one cube is directly above the other with a small gap between them. Label the upper cube as P and the lower cube as Q.
solid,27,69,spatial_position_coordinates,data/evaluate_script/solid/solid_27.py,Draw a horizontal circular cylinder in front of a cube in the same 3D scene. Label the cylinder as A and the cube as B by placing labels near the solids.
solid,28,70,spatial_position_coordinates,data/evaluate_script/solid/solid_28.py,"Draw a triangular prism with triangular face ABC in front and the opposite triangular face DEF behind it, with connecting edges AD, BE, and CF. Label all six vertices."
solid,29,74,spatial_position_coordinates,data/evaluate_script/solid/solid_29.py,"Draw 3D coordinate axes with arrowheads labeled x, y, z. Draw a cube with one vertex at the origin O and three edges from O going along the positive x-, y-, and z-directions."
solid,30,75,spatial_position_coordinates,data/evaluate_script/solid/solid_30.py,"Draw a square pyramid with base vertices A, B, C, and D and apex V directly above the center O of the base. Label O and V."
solid,31,77,spatial_position_coordinates,data/evaluate_script/solid/solid_31.py,"Draw a plane in 3D as a parallelogram and draw a line l above the plane, parallel to it. Label the plane as P and the line as l."
solid,32,93,spatial_position_coordinates,data/evaluate_script/solid/solid_32.py,Draw a vertical cylinder above a cube in one 3D scene with a small gap between them.
solid,33,94,spatial_position_coordinates,data/evaluate_script/solid/solid_33.py,Draw a cone to the right of a sphere in one 3D scene. Label the cone as P and the sphere as Q.
solid,34,95,spatial_position_coordinates,data/evaluate_script/solid/solid_34.py,"Draw 3D coordinate axes with arrowheads labeled x, y, z, and label the origin as O."
solid,35,2,projection_visibility_occlusion,data/evaluate_script/solid/solid_35.py,"Draw a parallelepiped (an oblique box shape) labeled with vertices A, B, C, D on one quadrilateral face in order around the face, and E, F, G, H on the opposite quadrilateral face such that AE, BF, CG, DH are connecting edges. Draw all 12 edges (use dashed lines for hidden edges if needed). Label all eight vertices."
solid,36,10,projection_visibility_occlusion,data/evaluate_script/solid/solid_36.py,"Draw a cube labeled with vertices A, B, C, D on the front face and E, F, G, H on the back face such that AE, BF, CG, DH are connecting edges. Use a low-angle oblique viewing angle so the bottom face is clearly visible. Label all eight vertices."
solid,37,13,projection_visibility_occlusion,data/evaluate_script/solid/solid_37.py,"Draw a cube with bottom face A,B,C,D and top face E,F,G,H where AE, BF, CG, DH are vertical connecting edges. The cube rests on a ground line that touches edge AB. Draw the space diagonal A-G as a dashed line and the face diagonal B-D on the bottom face as a dashed line. Label A,B,C,D,E,F,G,H and the ground line as l."
solid,38,16,projection_visibility_occlusion,data/evaluate_script/solid/solid_38.py,"Draw a rectangular cuboid labeled A,B,C,D on the front face and E,F,G,H on the back face with connecting edges AE, BF, CG, DH. Additionally draw the diagonal segment A-G as a dashed line and the diagonal segment B-H as a dashed line. Label all eight vertices."
solid,39,25,projection_visibility_occlusion,data/evaluate_script/solid/solid_39.py,Draw a cuboid with one hidden back edge as dashed.
solid,40,27,projection_visibility_occlusion,data/evaluate_script/solid/solid_40.py,Draw a truncated cube (a cube with all corners cut off) in 3D. Label it only with a single label T placed near the shape (do not label all vertices). Use dashed lines for hidden edges if needed.
solid,41,28,projection_visibility_occlusion,data/evaluate_script/solid/solid_41.py,Draw a torus (a ring shape) in 3D. Show the outer contour and the inner hole contour; use dashed curves for any hidden parts if needed. Label the torus with a single label R placed near the shape.
solid,42,29,projection_visibility_occlusion,data/evaluate_script/solid/solid_42.py,"Draw a single composite solid: a frustum of a pyramid (a truncated pyramid) with lower base quadrilateral A-B-C-D and upper base quadrilateral E-F-G-H, each in cyclic order, with side edges AE, BF, CG, DH connecting corresponding vertices. A circular cylinder passes horizontally through the frustum, clearly entering and exiting on opposite lateral faces. Label the frustum vertices A,B,C,D,E,F,G,H. Label the cylinder axis endpoints as P and Q. Use dashed lines for hidden parts where appropriate."
solid,43,31,projection_visibility_occlusion,data/evaluate_script/solid/solid_43.py,"Draw a cube ABCD-EFGH in 3D perspective. Add a plane passing through points A, E, and G, and show the exact intersection polygon between this plane and the cube. Use dashed segments for hidden cube edges and hidden parts of the section."
solid,44,32,projection_visibility_occlusion,data/evaluate_script/solid/solid_44.py,"Draw a right circular cone with vertex V above base circle center O. Slice it with an oblique plane not parallel to the base, producing an ellipse on the cone surface. Show the visible and hidden portions of the intersection curve accurately."
solid,45,34,projection_visibility_occlusion,data/evaluate_script/solid/solid_45.py,"Draw two intersecting cylinders of equal radius at right angles (a Steinmetz solid). Show both cylinder axes, visible boundary curves, and dashed hidden boundaries to communicate the full 3D structure."
solid,46,35,projection_visibility_occlusion,data/evaluate_script/solid/solid_46.py,Draw a regular tetrahedron ABCD. Mark midpoints of all six edges and connect appropriate midpoint pairs to form the medial octahedron inside. Show both the outer tetrahedron and inner octahedron with correct hidden-line conventions.
solid,47,36,projection_visibility_occlusion,data/evaluate_script/solid/solid_47.py,"Draw a frustum of a pyramid (a truncated pyramid) with lower base quadrilateral A-B-C-D and upper base quadrilateral E-F-G-H, with AE, BF, CG, and DH as the connecting edges between corresponding vertices. Use a low-angle oblique view so that the lower base is clearly visible. Draw the occluded edges as dashed lines and label all eight vertices."
solid,48,37,projection_visibility_occlusion,data/evaluate_script/solid/solid_48.py,Draw a right circular cylinder and slice it with an oblique plane so that an ellipse is formed on the lateral surface of the cylinder. Accurately show the visible and hidden portions of this intersection curve.
solid,49,40,projection_visibility_occlusion,data/evaluate_script/solid/solid_49.py,"Draw a vertical circular cylinder. Draw the back half of the bottom ellipse as a dashed curve. Mark the center of the top base as P and the center of the bottom base as Q, and label P and Q."
solid,50,41,projection_visibility_occlusion,data/evaluate_script/solid/solid_50.py,Draw a right circular cone with apex V directly above the center O of the base circle. Draw the back half of the base circle as a dashed arc. Label V and O.
open_scene,1,130,,data/evaluate_script/open_scene/open_scene_1.py,"A realistic outdoor scene of one apple tree with exactly 1 red apples hanging on its branches. No fallen apples, no baskets, and no other red fruits anywhere."
open_scene,2,131,,data/evaluate_script/open_scene/open_scene_2.py,"A realistic outdoor scene of one apple tree with exactly 2 red apples hanging on its branches. Keep the background simple, and avoid any other red objects."
open_scene,3,3,,data/evaluate_script/open_scene/open_scene_3.py,A realistic outdoor scene of one apple tree with exactly 5 red apples hanging on its branches. No apples on the ground and no extra fruits.
open_scene,4,8,,data/evaluate_script/open_scene/open_scene_4.py,"A realistic outdoor scene of one apple tree with exactly 10 red apples attached to branches. No apples on the ground, no crates."
open_scene,5,12,,data/evaluate_script/open_scene/open_scene_5.py,A realistic outdoor scene of one apple tree with exactly 14 red apples on its branches. Keep composition clean with no extra red objects.
open_scene,6,94,,data/evaluate_script/open_scene/open_scene_6.py,"A realistic outdoor scene of one apple tree with exactly 15 red apples hanging on its branches. No fallen apples, no baskets, and no other red fruits anywhere."
open_scene,7,99,,data/evaluate_script/open_scene/open_scene_7.py,"A realistic outdoor scene of one apple tree with exactly 20 red apples hanging clearly from branches. No duplicates, no reflections that look like apples."
open_scene,8,108,,data/evaluate_script/open_scene/open_scene_8.py,A realistic outdoor scene of one apple tree with exactly 29 red apples hanging on its branches. No apples on the ground and no extra fruits.
open_scene,9,119,,data/evaluate_script/open_scene/open_scene_9.py,"A realistic outdoor scene of one apple tree with exactly 40 red apples hanging on its branches. Keep the background simple, and avoid any other red objects."
open_scene,10,129,,data/evaluate_script/open_scene/open_scene_10.py,A realistic outdoor scene of one apple tree with exactly 50 red apples on its branches. Keep composition clean with no extra red objects.
open_scene,11,13,,data/evaluate_script/open_scene/open_scene_11.py,"Draw a clean, realistic top-down view of a blue tablecloth with two identical white ceramic plates partially overlapping. Place exactly one small red round candy fully inside the overlap area only. No candies outside the overlap."
open_scene,12,14,,data/evaluate_script/open_scene/open_scene_12.py,"Draw a clean, realistic top-down view of a light gray table with two identical transparent glass bowls partially overlapping. Place exactly two green peas inside only the overlapping region. No peas outside the overlap."
open_scene,13,15,,data/evaluate_script/open_scene/open_scene_13.py,"Draw a clean, realistic top-down view of a wooden table with two identical white round saucers partially overlapping. Place exactly three yellow beans in the overlap area only, and none in non-overlapping areas."
open_scene,14,19,,data/evaluate_script/open_scene/open_scene_14.py,"Draw a clean, realistic top-down view of a white table with two identical overlapping round plates. Place exactly four red candies, all inside the left-only region of the left plate (outside the overlap). Keep the right-only region empty."
open_scene,15,21,,data/evaluate_script/open_scene/open_scene_15.py,"Draw a clean, realistic top-down view of a pale blue tablecloth with two identical overlapping round plates. Put exactly one red candy in the left-only region, one red candy in the overlap, and one red candy in the right-only region."
open_scene,16,157,,data/evaluate_script/open_scene/open_scene_16.py,"Draw a clean, realistic top-down view of a cream tablecloth with two identical overlapping round plates. Place exactly two blue candies in the overlap region only, and no candies in the left-only or right-only regions."
open_scene,17,159,,data/evaluate_script/open_scene/open_scene_17.py,"Draw a clean, realistic top-down view of a tabletop with two identical overlapping round plates. Place exactly one green candy in the left-only region and exactly two green candies in the overlap region. No candies in the right-only region."
open_scene,18,16,,data/evaluate_script/open_scene/open_scene_18.py,"Draw a clean, realistic top-down view of a beige tablecloth with three identical translucent circles A, B, and C arranged like a classic Venn diagram. Place exactly one red candy in the central triple-overlap only. No candies elsewhere."
open_scene,19,23,,data/evaluate_script/open_scene/open_scene_19.py,"Draw a clean, realistic top-down view of a table with a rectangular tray U containing three overlapping identical round plates A, B, C. Place exactly one red candy in the area inside U but outside all three plates. No other candies."
open_scene,20,166,,data/evaluate_script/open_scene/open_scene_20.py,"Draw a clean, realistic top-down view of a white tabletop with three overlapping identical round plates A, B, and C. Place exactly one blue candy in each pairwise overlap region (A∩B outside C, A∩C outside B, B∩C outside A), and keep the triple-overlap region empty."
open_scene,21,26,,data/evaluate_script/open_scene/open_scene_21.py,"A strictly top-down, orthographic-style realistic photo of a clean dark desk mat. Two thin white circular outlines of different sizes do not overlap. Clean minimal composition, no text or extra objects."
open_scene,22,31,,data/evaluate_script/open_scene/open_scene_22.py,"A strictly top-down, orthographic-style realistic photo of a clean dark desk mat. Two thin white straight horizontal lines are parallel and separated vertically. Clean minimal composition, no text or extra objects."
open_scene,23,33,,data/evaluate_script/open_scene/open_scene_23.py,"A strictly top-down, orthographic-style realistic photo of a clean dark desk mat. One thin white rectangular outline is shown, with width clearly greater than height. Clean minimal composition, no text or extra objects."
open_scene,24,27,,data/evaluate_script/open_scene/open_scene_24.py,"A strictly top-down, orthographic-style realistic photo of a clean dark desk mat. Two thin white circular outlines intersect at exactly two points. Clean minimal composition, no text or extra objects."
open_scene,25,29,,data/evaluate_script/open_scene/open_scene_25.py,"A strictly top-down, orthographic-style realistic photo of a clean dark desk mat. One thin white circular outline is shown with one thin straight white line touching the circle at exactly one point. Clean minimal composition, no text or extra objects."
open_scene,26,76,,data/evaluate_script/open_scene/open_scene_26.py,"A strictly top-down, orthographic-style realistic photo of a clean dark desk mat. One thin white rectangular outline is shown, with one smaller thin white circular outline completely outside the rectangle on its right side, without touching. Clean minimal composition, no text or extra objects."
open_scene,27,85,,data/evaluate_script/open_scene/open_scene_27.py,"A strictly top-down, orthographic-style realistic photo of a clean dark desk mat. Two thin white rectangular outlines do not overlap, with one rectangle clearly above the other. Clean minimal composition, no text or extra objects."
open_scene,28,36,,data/evaluate_script/open_scene/open_scene_28.py,"A strictly top-down, orthographic-style realistic photo of a clean dark desk mat. One thin white triangle outline contains one smaller thin white circular outline completely inside it, without touching. Clean minimal composition, no text or extra objects."
open_scene,29,88,,data/evaluate_script/open_scene/open_scene_29.py,"A strictly top-down, orthographic-style realistic photo of a clean dark desk mat. One thin white triangle outline contains one smaller thin white rectangular outline completely inside it, without touching. Clean minimal composition, no text or extra objects."
open_scene,30,91,,data/evaluate_script/open_scene/open_scene_30.py,"A strictly top-down, orthographic-style realistic photo of a clean dark desk mat. Two thin white straight horizontal lines are parallel, and one thin white slanted line crosses both. Clean minimal composition, no text or extra objects."
open_scene,31,39,,data/evaluate_script/open_scene/open_scene_31.py,"Draw a clean, realistic top-down view of an analog wall clock on a plain light background. Show numbers 1 through 12 clearly. Set the minute hand to 12 and the hour hand to 3. Hands thin, straight, centered. No text labels or angle annotations."
open_scene,32,42,,data/evaluate_script/open_scene/open_scene_32.py,"Draw a clean, realistic top-down view of an analog wall clock on a plain light background. Show numbers 1 through 12 clearly. Set the minute hand to 12 and the hour hand to 6. Hands thin, straight, centered. No text labels or angle annotations."
open_scene,33,48,,data/evaluate_script/open_scene/open_scene_33.py,"Draw a clean, realistic top-down view of an analog wall clock on a plain light background. Show numbers 1 through 12 clearly. Set the minute hand to 12 and the hour hand to 12. Hands thin, straight, centered. No text labels or angle annotations."
open_scene,34,37,,data/evaluate_script/open_scene/open_scene_34.py,"Draw a clean, realistic top-down view of an analog wall clock on a plain light background. Show numbers 1 through 12 clearly. Set the minute hand to 12 and the hour hand to 1. Hands thin, straight, centered. No text labels or angle annotations."
open_scene,35,40,,data/evaluate_script/open_scene/open_scene_35.py,"Draw a clean, realistic top-down view of an analog wall clock on a plain light background. Show numbers 1 through 12 clearly. Set the minute hand to 12 and the hour hand to 4. Hands thin, straight, centered. No text labels or angle annotations."
open_scene,36,44,,data/evaluate_script/open_scene/open_scene_36.py,"Draw a clean, realistic top-down view of an analog wall clock on a plain light background. Show numbers 1 through 12 clearly. Set the minute hand to 12 and the hour hand to 8. Hands thin, straight, centered. No text labels or angle annotations."
open_scene,37,147,,data/evaluate_script/open_scene/open_scene_37.py,"Draw a clean, realistic top-down view of an analog wall clock on a plain light background. Show numbers 1 through 12 clearly. Set the minute hand to 6 and the hour hand to 1. Hands thin, straight, centered. No text labels or angle annotations."
open_scene,38,150,,data/evaluate_script/open_scene/open_scene_38.py,"Draw a clean, realistic top-down view of an analog wall clock on a plain light background. Show numbers 1 through 12 clearly. Set the minute hand to 6 and the hour hand to 4. Hands thin, straight, centered. No text labels or angle annotations."
open_scene,39,153,,data/evaluate_script/open_scene/open_scene_39.py,"Draw a clean, realistic top-down view of an analog wall clock on a plain light background. Show numbers 1 through 12 clearly. Set the minute hand to 6 and the hour hand to 7. Hands thin, straight, centered. No text labels or angle annotations."
open_scene,40,156,,data/evaluate_script/open_scene/open_scene_40.py,"Draw a clean, realistic top-down view of an analog wall clock on a plain light background. Show numbers 1 through 12 clearly. Set the minute hand to 6 and the hour hand to 10. Hands thin, straight, centered. No text labels or angle annotations."
open_scene,41,49,,data/evaluate_script/open_scene/open_scene_41.py,"A laboratory beaker filled with blue liquid to exactly 1/2 of its height. Plain background, no labels, no text."
open_scene,42,50,,data/evaluate_script/open_scene/open_scene_42.py,"A laboratory beaker filled with blue liquid to exactly 1/3 of its height. Plain background, no labels, no text."
open_scene,43,52,,data/evaluate_script/open_scene/open_scene_43.py,"A laboratory beaker filled with blue liquid to exactly 2/3 of its height. Plain background, no labels, no text."
open_scene,44,54,,data/evaluate_script/open_scene/open_scene_44.py,"A laboratory beaker filled with blue liquid to exactly 1/5 of its height. Plain background, no labels, no text."
open_scene,45,57,,data/evaluate_script/open_scene/open_scene_45.py,"A laboratory beaker filled with blue liquid to exactly 4/5 of its height. Plain background, no labels, no text."
open_scene,46,132,,data/evaluate_script/open_scene/open_scene_46.py,"A chocolate bar divided into 10 equal squares, with exactly 2 squares missing and 8 remaining. Clean background, no labels, no text."
open_scene,47,135,,data/evaluate_script/open_scene/open_scene_47.py,"A chocolate bar divided into 12 equal squares, with exactly 3 squares missing and 9 remaining. Clean background, no labels, no text."
open_scene,48,141,,data/evaluate_script/open_scene/open_scene_48.py,"A chocolate bar divided into 14 equal squares, with exactly 6 squares missing and 8 remaining. Clean background, no labels, no text."
open_scene,49,145,,data/evaluate_script/open_scene/open_scene_49.py,"A chocolate bar divided into 16 equal squares, with exactly 7 squares missing and 9 remaining. Clean background, no labels, no text."
open_scene,50,146,,data/evaluate_script/open_scene/open_scene_50.py,"A chocolate bar divided into 18 equal squares, with exactly 8 squares missing and 10 remaining. Clean background, no labels, no text."
open_scene,51,63,,data/evaluate_script/open_scene/open_scene_51.py,"A strictly side-view, orthographic-style realistic photo of a plain white wall. Show exactly five identical solid dark-gray concrete steps arranged as a straight staircase ascending from lower-left to upper-right. All steps have equal width (tread depth) and equal height (riser). The staircase profile is cleanly silhouetted against the white wall. No railings, no people, no other objects, no shadows, no text."
open_scene,52,64,,data/evaluate_script/open_scene/open_scene_52.py,"A strictly side-view, orthographic-style realistic photo of a plain white wall and flat floor. A single straight dark-brown wooden plank rests as a ramp, rising at a constant slope from the floor on the left to lean against the wall on the right. The ramp is thin, solid, and clearly visible as a straight line against the white background. No extra objects, no shadows, no text."
open_scene,53,181,,data/evaluate_script/open_scene/open_scene_53.py,"A strictly side-view, orthographic-style realistic photo of a plain white wall. Show a single thin dark-gray diagonal line ascending from the lower-left to the upper-right of the image at approximately 45 degrees. The line is perfectly straight, thin, and spans the full diagonal of the image. No other objects, no grid, no text."
open_scene,54,61,,data/evaluate_script/open_scene/open_scene_54.py,"A strictly side-view, orthographic-style realistic photo of a plain white wall. A single continuous stream of vivid blue water shoots upward from the bottom-center and arcs back down, forming a clear symmetric parabolic arch in mid-air. The highest point of the arc is centered horizontally. No person, no hose visible, no ground details, no other objects, no text."
open_scene,55,67,,data/evaluate_script/open_scene/open_scene_55.py,"A strictly side-view, orthographic-style realistic photo of a plain white wall and flat horizontal floor. Show exactly five identical solid blue cylindrical containers standing upright on the floor, arranged left-to-right at equal horizontal spacing. Each cylinder is exactly twice as tall as the previous one: the leftmost is the shortest and the rightmost is the tallest. All cylinders have the same diameter. No labels, no shadows, no other objects, no text."
open_scene,56,169,,data/evaluate_script/open_scene/open_scene_56.py,"A strictly side-view, orthographic-style realistic photo of a plain white wall and flat horizontal floor. Show exactly three horizontal thin dark-gray shelves mounted on the wall at three different heights: one at the bottom third, one at the middle, and one at the top third of the image. All shelves have equal length and equal thickness. No objects on the shelves, no text, no other items."
open_scene,57,172,,data/evaluate_script/open_scene/open_scene_57.py,"A strictly side-view, orthographic-style realistic photo of a plain white wall and flat horizontal floor. Show a single solid dark-gray ramp that rises from the floor on the lower-left, reaches a flat peak in the middle, then descends back to the floor on the lower-right. The left slope and right slope are symmetric and equal. The top is flat and horizontal. No other objects, no shadows, no text."
open_scene,58,170,,data/evaluate_script/open_scene/open_scene_58.py,"A strictly front-view, orthographic-style realistic photo of a plain white background. Show a single smooth S-shaped dark-gray curve that starts at the lower-left, curves gently upward through the center, and ends at the upper-right. The curve has one inflection point at the approximate center of the image and is symmetric about it. No other shapes, no grid, no text."
open_scene,59,174,,data/evaluate_script/open_scene/open_scene_59.py,"A strictly side-view, orthographic-style realistic photo of a plain white wall. Show a single thin dark rope or string pinned at both lower corners of the image, hanging freely under gravity to form a smooth symmetric U-shaped sag (catenary). The lowest point of the sag is at the bottom-center. The two pinned ends are at the same height on the left and right sides. No other objects, no text."
open_scene,60,178,,data/evaluate_script/open_scene/open_scene_60.py,"A strictly front-view, orthographic-style realistic photo of a plain white background. Show a single smooth spiral curve made of a single dark-gray line, starting from the center of the image and expanding outward in a clockwise direction for exactly two full rotations. The spiral spacing between each loop should be approximately equal. No other shapes, no grid lines, no text."
open_scene,61,182,,data/evaluate_script/open_scene/open_scene_61.py,"A clean product photo on a light wooden tabletop showing a single matte gray cube. The cube is viewed from above at a slight angle so exactly three square faces are visible. Plain soft background, no labels, no text, no extra objects."
open_scene,62,183,,data/evaluate_script/open_scene/open_scene_62.py,"A minimal classroom demonstration scene with one upright matte blue cylinder standing on a white table. The top and bottom elliptical rims are clearly visible. Simple neutral background, no labels, no text, no extra objects."
open_scene,63,185,,data/evaluate_script/open_scene/open_scene_63.py,"A minimalist product shot of one smooth matte white sphere resting on a flat gray surface, centered in the frame with a soft shadow underneath. No labels, no text, no extra objects."
open_scene,64,186,,data/evaluate_script/open_scene/open_scene_64.py,"A museum-display style scene showing one matte green triangular prism on a small white pedestal. Both triangular end faces are visible in a simple three-quarter 3D view. No labels, no text, no extra objects."
open_scene,65,188,,data/evaluate_script/open_scene/open_scene_65.py,"A simple craft-table scene showing one beige square pyramid made of matte material. The square base is flat and the apex is centered above the base. Neutral background, no labels, no text, no extra objects."
open_scene,66,194,,data/evaluate_script/open_scene/open_scene_66.py,"A workshop-style close-up of one hollow silver cylinder standing upright on a plain table. The top opening clearly shows both the outer circular rim and the inner circular hole. No labels, no text, no extra objects."
open_scene,67,195,,data/evaluate_script/open_scene/open_scene_67.py,"A small teal truncated cone frustum placed on a neutral tabletop, viewed from slightly above. The smaller top ellipse and larger bottom ellipse are both clearly visible. No labels, no text, no extra objects."
open_scene,68,192,,data/evaluate_script/open_scene/open_scene_68.py,"A balanced minimalist sculpture on a white surface: one matte yellow sphere floats directly above one matte gray cube with a small vertical gap. Both solids are centered. No labels, no text, no extra objects."
open_scene,69,199,,data/evaluate_script/open_scene/open_scene_69.py,"A faceted crystal-like pink octahedron placed on a plain white base, shaped like two square pyramids joined base-to-base. The solid is centered and shown alone. No labels, no text, no extra objects."
open_scene,70,200,,data/evaluate_script/open_scene/open_scene_70.py,"A medical-illustration style object photo of one orange capsule-shaped solid lying horizontally on a clean white surface, like a cylinder with rounded hemispherical ends. No labels, no text, no extra objects."
